{"lastReadIdx":169999,"data":[[1683950400000,"0.1","0.11163295936999997","0.1","0.11163295936999997"],[1683993600000,"0.11163295936999997","0.11284219651999997","0.11163295936999997","0.11283418451999998"],[1684080000000,"0.11283418451999998","0.11284019051999997","0.11283062951999996","0.11283062951999996"],[1684166400000,"0.11283062951999996","0.11283519127999996","0.11283062951999996","0.11283494189999996"],[1684252800000,"0.11283494189999996","0.11283506565999994","0.11283010627999995","0.11283044627999995"],[1684339200000,"0.11283044627999995","0.11283044627999995","0.11283044627999995","0.11283044627999995"]]}