{"lastReadIdx":250989,"data":[[1717009200000,"0.5150643925908654","20.85561922241157","0.5134449225908653","7.759323726427009"],[1717318800000,"20.85558","20.855967","20.854214332417055","20.854214332417055"],[1717347600000,"20.854214332417055","20.85426899914906","20.85232209702216","20.85232209702216"],[1717434000000,"20.85232209702216","20.85237676375416","16.26177891364718","20.112234"],[1717520400000,"20.112234","20.11434549735","20.112234","20.11434549735"],[1717606800000,"20.11434549735","20.11434549735","0.705","0.75361"],[1717693200000,"0.753156","0.765999","0.5431","0.543505"],[1717779600000,"0.543332","0.715902","0.5301","0.698787"],[1717866000000,"0.698381","0.698999","0.686","0.68682"],[1717952400000,"0.686399","0.686999","0.631102","0.631216"],[1718038800000,"0.631967","0.716998","0.6081","0.7157"],[1718125200000,"0.715509","0.716999","0.7051","0.706546"],[1718211600000,"0.706229","0.716998","0.706","0.706547"],[1718298000000,"0.706879","0.706999","0.688","0.688239"],[1718384400000,"0.688239","0.688999","0.687","0.687635"],[1718470800000,"0.687392","0.687997","0.6661","0.666894"]]}