{"lastReadIdx":169999,"data":[[1683950400000,"0.1","0.1","0.1","0.1"],[1683954000000,"0.1","0.1","0.1","0.1"],[1683957600000,"0.1","0.10962918055999998","0.1","0.10962918055999998"],[1683961200000,"0.10962918055999998","0.11145351235999998","0.10962918055999998","0.11145351235999998"],[1683964800000,"0.11145351235999998","0.11163295936999997","0.11145351235999998","0.11163295936999997"],[1683968400000,"0.11163295936999997","0.11163295936999997","0.11163295936999997","0.11163295936999997"],[1683972000000,"0.11163295936999997","0.11163295936999997","0.11163295936999997","0.11163295936999997"],[1683975600000,"0.11163295936999997","0.11163295936999997","0.11163295936999997","0.11163295936999997"],[1683979200000,"0.11163295936999997","0.11163295936999997","0.11163295936999997","0.11163295936999997"],[1683982800000,"0.11163295936999997","0.11163295936999997","0.11163295936999997","0.11163295936999997"],[1683986400000,"0.11163295936999997","0.11163295936999997","0.11163295936999997","0.11163295936999997"],[1683990000000,"0.11163295936999997","0.11163295936999997","0.11163295936999997","0.11163295936999997"],[1683993600000,"0.11163295936999997","0.11163295936999997","0.11163295936999997","0.11163295936999997"],[1683997200000,"0.11163295936999997","0.11163295936999997","0.11163295936999997","0.11163295936999997"],[1684000800000,"0.11163295936999997","0.11163295936999997","0.11163295936999997","0.11163295936999997"],[1684004400000,"0.11163295936999997","0.11163295936999997","0.11163295936999997","0.11163295936999997"],[1684008000000,"0.11163295936999997","0.11163295936999997","0.11163295936999997","0.11163295936999997"],[1684011600000,"0.11163295936999997","0.11163295936999997","0.11163295936999997","0.11163295936999997"],[1684015200000,"0.11163295936999997","0.11163295936999997","0.11163295936999997","0.11163295936999997"],[1684018800000,"0.11163295936999997","0.11163295936999997","0.11163295936999997","0.11163295936999997"],[1684022400000,"0.11163295936999997","0.11163295936999997","0.11163295936999997","0.11163295936999997"],[1684026000000,"0.11163295936999997","0.11163295936999997","0.11163295936999997","0.11163295936999997"],[1684029600000,"0.11163295936999997","0.11163295936999997","0.11163295936999997","0.11163295936999997"],[1684033200000,"0.11163295936999997","0.11163295936999997","0.11163295936999997","0.11163295936999997"],[1684036800000,"0.11163295936999997","0.11252875215999997","0.11163295936999997","0.11252875215999997"],[1684040400000,"0.11252875215999997","0.11252875215999997","0.11252875215999997","0.11252875215999997"],[1684044000000,"0.11252875215999997","0.11252875215999997","0.11246795215999997","0.11246795215999997"],[1684047600000,"0.11246795215999997","0.11246795215999997","0.11229835215999996","0.11229835215999996"],[1684051200000,"0.11229835215999996","0.11229835215999996","0.11229835215999996","0.11229835215999996"],[1684054800000,"0.11229835215999996","0.11229835215999996","0.11229835215999996","0.11229835215999996"],[1684058400000,"0.11229835215999996","0.11239634015999997","0.11229835215999996","0.11239634015999997"],[1684062000000,"0.11239634015999997","0.11284219651999997","0.11239634015999997","0.11283418451999998"],[1684065600000,"0.11283418451999998","0.11283418451999998","0.11283418451999998","0.11283418451999998"],[1684069200000,"0.11283418451999998","0.11283418451999998","0.11283418451999998","0.11283418451999998"],[1684072800000,"0.11283418451999998","0.11283418451999998","0.11283418451999998","0.11283418451999998"],[1684076400000,"0.11283418451999998","0.11283418451999998","0.11283418451999998","0.11283418451999998"],[1684080000000,"0.11283418451999998","0.11283418451999998","0.11283418451999998","0.11283418451999998"],[1684083600000,"0.11283418451999998","0.11283418451999998","0.11283418451999998","0.11283418451999998"],[1684087200000,"0.11283418451999998","0.11283418451999998","0.11283418451999998","0.11283418451999998"],[1684090800000,"0.11283418451999998","0.11283418451999998","0.11283418451999998","0.11283418451999998"],[1684094400000,"0.11283418451999998","0.11283418451999998","0.11283418451999998","0.11283418451999998"],[1684098000000,"0.11283418451999998","0.11283418451999998","0.11283418451999998","0.11283418451999998"],[1684101600000,"0.11283418451999998","0.11283418451999998","0.11283418451999998","0.11283418451999998"],[1684105200000,"0.11283418451999998","0.11283418451999998","0.11283418451999998","0.11283418451999998"],[1684108800000,"0.11283418451999998","0.11283418451999998","0.11283418451999998","0.11283418451999998"],[1684112400000,"0.11283418451999998","0.11283418451999998","0.11283418451999998","0.11283418451999998"],[1684116000000,"0.11283418451999998","0.11283418451999998","0.11283418451999998","0.11283418451999998"],[1684119600000,"0.11283418451999998","0.11283418451999998","0.11283418451999998","0.11283418451999998"],[1684123200000,"0.11283418451999998","0.11284019051999997","0.11283418451999998","0.11284019051999997"],[1684126800000,"0.11284019051999997","0.11284019051999997","0.11284019051999997","0.11284019051999997"],[1684130400000,"0.11284019051999997","0.11284019051999997","0.11284019051999997","0.11284019051999997"],[1684134000000,"0.11284019051999997","0.11284019051999997","0.11283932051999997","0.11283932051999997"],[1684137600000,"0.11283932051999997","0.11283932051999997","0.11283932051999997","0.11283932051999997"],[1684141200000,"0.11283932051999997","0.11283932051999997","0.11283062951999996","0.11283062951999996"],[1684144800000,"0.11283062951999996","0.11283062951999996","0.11283062951999996","0.11283062951999996"],[1684148400000,"0.11283062951999996","0.11283062951999996","0.11283062951999996","0.11283062951999996"],[1684152000000,"0.11283062951999996","0.11283062951999996","0.11283062951999996","0.11283062951999996"],[1684155600000,"0.11283062951999996","0.11283062951999996","0.11283062951999996","0.11283062951999996"],[1684159200000,"0.11283062951999996","0.11283062951999996","0.11283062951999996","0.11283062951999996"],[1684162800000,"0.11283062951999996","0.11283062951999996","0.11283062951999996","0.11283062951999996"],[1684166400000,"0.11283062951999996","0.11283062951999996","0.11283062951999996","0.11283062951999996"],[1684170000000,"0.11283062951999996","0.11283062951999996","0.11283062951999996","0.11283062951999996"],[1684173600000,"0.11283062951999996","0.11283062951999996","0.11283062951999996","0.11283062951999996"],[1684177200000,"0.11283062951999996","0.11283062951999996","0.11283062951999996","0.11283062951999996"],[1684180800000,"0.11283062951999996","0.11283062951999996","0.11283062951999996","0.11283062951999996"],[1684184400000,"0.11283062951999996","0.11283062951999996","0.11283062951999996","0.11283062951999996"],[1684188000000,"0.11283062951999996","0.11283062951999996","0.11283062951999996","0.11283062951999996"],[1684191600000,"0.11283062951999996","0.11283062951999996","0.11283062951999996","0.11283062951999996"],[1684195200000,"0.11283062951999996","0.11283062951999996","0.11283062951999996","0.11283062951999996"],[1684198800000,"0.11283062951999996","0.11283062951999996","0.11283062951999996","0.11283062951999996"],[1684202400000,"0.11283062951999996","0.11283062951999996","0.11283062951999996","0.11283062951999996"],[1684206000000,"0.11283062951999996","0.11283062951999996","0.11283062951999996","0.11283062951999996"],[1684209600000,"0.11283062951999996","0.11283062951999996","0.11283062951999996","0.11283062951999996"],[1684213200000,"0.11283062951999996","0.11283062951999996","0.11283062951999996","0.11283062951999996"],[1684216800000,"0.11283062951999996","0.11283062951999996","0.11283062951999996","0.11283062951999996"],[1684220400000,"0.11283062951999996","0.11283062951999996","0.11283062951999996","0.11283062951999996"],[1684224000000,"0.11283062951999996","0.11283062951999996","0.11283062951999996","0.11283062951999996"],[1684227600000,"0.11283062951999996","0.11283062951999996","0.11283062951999996","0.11283062951999996"],[1684231200000,