{"lastReadIdx":250989,"data":[[1717009200000,"0.5150643925908654","0.5151813025908654","0.5150378525908654","0.5151737025908654"],[1717016400000,"0.5151621625908654","0.5252426609235155","0.5150885725908654","0.5252342009235154"],[1717030800000,"0.5252342009235154","0.9155156225908654","0.5134449225908653","0.6985853999760002"],[1717045200000,"0.6985300665760001","1.4314138074175864","0.6984008529029436","0.7803523162658093"],[1717059600000,"0.7806817596013113","0.787911221979343","0.7801232022180205","0.7876188451284436"],[1717074000000,"0.7876190304740878","20.85561922241157","0.7875983985454316","7.759323726427009"],[1717318800000,"20.85558","20.855967","20.854610499507036","20.85463316613703"],[1717333200000,"20.85463316613703","20.85463316613703","20.854214332417055","20.854214332417055"],[1717347600000,"20.854214332417055","20.85426899914906","20.85413073237606","20.85413073237606"],[1717362000000,"20.85413073237606","20.85413073237606","20.85407539897606","20.854129065706058"],[1717376400000,"20.854129065706058","20.854129065706058","20.853748398708074","20.853751832028077"],[1717390800000,"20.853644698568075","20.854073898572086","20.853368731249105","20.853388864541106"],[1717405200000,"20.853388864541106","20.853388864541106","20.852637930744145","20.85266059737414"],[1717419600000,"20.85266059737414","20.85266059737414","20.85232209702216","20.85232209702216"],[1717434000000,"20.85232209702216","20.85237676375416","20.852238496981165","20.852238496981165"],[1717448400000,"20.852238496981165","20.852238496981165","20.852183163581167","20.852236830311163"],[1717462800000,"20.852236830311163","20.852236830311163","16.26177891364718","16.85185992996718"],[1717477200000,"20.85175279650718","20.851807463239183","20.112234","20.112234"],[1717491600000,"20.112234","20.112234","20.112234","20.112234"],[1717506000000,"20.112234","20.112234","20.112234","20.112234"],[1717520400000,"20.112234","20.112234","20.112234","20.112234"],[1717534800000,"20.112234","20.112234","20.112234","20.112234"],[1717549200000,"20.112234","20.112234","20.112234","20.112234"],[1717563600000,"20.112234","20.114345","20.112234","20.114345"],[1717578000000,"20.114345","20.114345","20.114345","20.114345"],[1717592400000,"20.114345","20.11434549735","20.114345","20.11434549735"],[1717606800000,"20.11434549735","20.11434549735","0.7061","0.706455"],[1717621200000,"0.706455","0.706455","0.705","0.705642"],[1717635600000,"0.705514","0.760981","0.705","0.75917"],[1717650000000,"0.759774","0.759999","0.756","0.756698"],[1717664400000,"0.756885","0.756999","0.756","0.756664"],[1717678800000,"0.756558","0.756992","0.753","0.75361"],[1717693200000,"0.753156","0.765999","0.750123","0.765838"],[1717707600000,"0.765524","0.765999","0.765","0.765918"],[1717722000000,"0.76554","0.765999","0.765","0.76593"],[1717736400000,"0.765612","0.765999","0.7571","0.757435"],[1717750800000,"0.757711","0.757998","0.7081","0.708935"],[1717765200000,"0.708338","0.708999","0.5431","0.543505"],[1717779600000,"0.543332","0.543999","0.541","0.541418"],[1717794000000,"0.54168","0.541999","0.541","0.541688"],[1717808400000,"0.54145","0.541998","0.5401","0.54048"],[1717822800000,"0.540463","0.540999","0.54","0.540942"],[1717837200000,"0.540449","0.715902","0.5301","0.700632"],[1717851600000,"0.700623","0.700993","0.698","0.698787"],[1717866000000,"0.698381","0.698999","0.698","0.698483"],[1717880400000,"0.69859","0.698999","0.698","0.698175"],[1717894800000,"0.698301","0.698999","0.698","0.69842"],[1717909200000,"0.698619","0.698999","0.698","0.698345"],[1717923600000,"0.698354","0.698999","0.686113","0.686642"],[1717938000000,"0.68622","0.686999","0.686","0.68682"],[1717952400000,"0.686399","0.686999","0.682","0.682277"],[1717966800000,"0.682602","0.682999","0.682","0.68266"],[1717981200000,"0.682416","0.682999","0.677","0.677487"],[1717995600000,"0.677207","0.677999","0.677","0.677408"],[1718010000000,"0.677833","0.677996","0.636","0.636566"],[1718024400000,"0.636591","0.636999","0.631102","0.631216"],[1718038800000,"0.631967","0.631998","0.6291","0.62925"],[1718053200000,"0.629435","0.629999","0.629","0.629942"],[1718067600000,"0.629723","0.629999","0.626","0.6268"],[1718082000000,"0.626402","0.626999","0.6121","0.61217"],[1718096400000,"0.612717","0.716991","0.6081","0.716452"],[1718110800000,"0.716227","0.716998","0.715","0.7157"],[1718125200000,"0.715509","0.715999","0.713","0.71336"],[1718139600000,"0.713586","0.713999","0.713","0.71349"],[1718154000000,"0.713536","0.716995","0.7051","0.716951"],[1718168400000,"0.716379","0.716999","0.713108","0.713777"],[1718182800000,"0.713778","0.713999","0.713","0.713958"],[1718197200000,"0.71361","0.713999","0.70613","0.706546"],[1718211600000,"0.706229","0.706999","0.706","0.706918"],[1718226000000,"0.706181","0.706999","0.706","0.70695"],[1718240400000,"0.706561","0.716998","0.70619","0.713301"],[1718254800000,"0.71348","0.713998","0.7121","0.712897"],[1718269200000,"0.712874","0.712996","0.7061","0.706933"],[1718283600000,"0.706829","0.706999","0.706","0.706547"],[1718298000000,"0.706879","0.706999","0.706","0.706665"],[1718312400000,"0.706522","0.706999","0.706","0.706542"],[1718326800000,"0.706331","0.706999","0.705102","0.705376"],[1718341200000,"0.70561","0.705997","0.689","0.689757"],[1718355600000,"0.689482","0.689998","0.688","0.688286"],[1718370000000,"0.68883","0.688996","0.6881","0.688239"],[1718384400000,"0.688239","0.688239","0.688239","0.688239"],[1718398800000,"0.688239","0.688239","0.688239","0.688239"],[1718413200000,"0.688239","0.688998","0.688","0.68821"],[1718427600000,"0.688224","0.688999","0.688","0.688526"],[1718442000000,"0.688891","0.688999","0.687","0.687677"],[1718456400000,"0.687699","0.687999","0.687","0.687635"],[1718470800000,"0.687392","0.687997","0.6701","0.670847"],[1718485200000,"0.670108","0.670999","0.6671","0.667993"],[1718499600000,"0.667264","0.667999","0.6661","0.666894"]]}