{"lastReadIdx":169999,"data":[[1683950400000,"0.1","0.11145351235999998","0.1","0.11145351235999998"],[1683964800000,"0.11145351235999998","0.11163295936999997","0.11145351235999998","0.11163295936999997"],[1683979200000,"0.11163295936999997","0.11163295936999997","0.11163295936999997","0.11163295936999997"],[1683993600000,"0.11163295936999997","0.11163295936999997","0.11163295936999997","0.11163295936999997"],[1684008000000,"0.11163295936999997","0.11163295936999997","0.11163295936999997","0.11163295936999997"],[1684022400000,"0.11163295936999997","0.11163295936999997","0.11163295936999997","0.11163295936999997"],[1684036800000,"0.11163295936999997","0.11252875215999997","0.11163295936999997","0.11229835215999996"],[1684051200000,"0.11229835215999996","0.11284219651999997","0.11229835215999996","0.11283418451999998"],[1684065600000,"0.11283418451999998","0.11283418451999998","0.11283418451999998","0.11283418451999998"],[1684080000000,"0.11283418451999998","0.11283418451999998","0.11283418451999998","0.11283418451999998"],[1684094400000,"0.11283418451999998","0.11283418451999998","0.11283418451999998","0.11283418451999998"],[1684108800000,"0.11283418451999998","0.11283418451999998","0.11283418451999998","0.11283418451999998"],[1684123200000,"0.11283418451999998","0.11284019051999997","0.11283418451999998","0.11283932051999997"],[1684137600000,"0.11283932051999997","0.11283932051999997","0.11283062951999996","0.11283062951999996"],[1684152000000,"0.11283062951999996","0.11283062951999996","0.11283062951999996","0.11283062951999996"],[1684166400000,"0.11283062951999996","0.11283062951999996","0.11283062951999996","0.11283062951999996"],[1684180800000,"0.11283062951999996","0.11283062951999996","0.11283062951999996","0.11283062951999996"],[1684195200000,"0.11283062951999996","0.11283062951999996","0.11283062951999996","0.11283062951999996"],[1684209600000,"0.11283062951999996","0.11283062951999996","0.11283062951999996","0.11283062951999996"],[1684224000000,"0.11283062951999996","0.11283519127999996","0.11283062951999996","0.11283494189999996"],[1684238400000,"0.11283494189999996","0.11283494189999996","0.11283494189999996","0.11283494189999996"],[1684252800000,"0.11283494189999996","0.11283494189999996","0.11283494189999996","0.11283494189999996"],[1684267200000,"0.11283494189999996","0.11283494189999996","0.11283494189999996","0.11283494189999996"],[1684281600000,"0.11283494189999996","0.11283494189999996","0.11283494189999996","0.11283494189999996"],[1684296000000,"0.11283494189999996","0.11283506565999994","0.11283010627999995","0.11283010627999995"],[1684310400000,"0.11283010627999995","0.11283064627999995","0.11283010627999995","0.11283044627999995"],[1684324800000,"0.11283044627999995","0.11283044627999995","0.11283044627999995","0.11283044627999995"],[1684339200000,"0.11283044627999995","0.11283044627999995","0.11283044627999995","0.11283044627999995"],[1684353600000,"0.11283044627999995","0.11283044627999995","0.11283044627999995","0.11283044627999995"],[1684368000000,"0.11283044627999995","0.11283044627999995","0.11283044627999995","0.11283044627999995"]]}