{"lastReadIdx":225999,"data":[[1717009200000,"0.5150643925908654","0.5151813025908654","0.5150378525908654","0.5151737025908654"],[1717016400000,"0.5151621625908654","0.5252426609235155","0.5150885725908654","0.5252342009235154"],[1717030800000,"0.5252342009235154","0.9155156225908654","0.5134449225908653","0.6984747331760002"],[1717045200000,"0.6985300665760001","1.4314138074175864","0.6984008529029436","0.7805162913548609"],[1717059600000,"0.7805709573980346","0.787911221979343","0.7801232022180205","0.7876437903201217"],[1717074000000,"0.7876190304740878","20.85561922241157","0.7875983985454316","20.8553526056106"],[1717318800000,"20.85523","20.855967","20.854610499507036","20.85463316613703"],[1717333200000,"20.85463316613703","20.85463316613703","20.854214332417055","20.854214332417055"],[1717347600000,"20.854214332417055","20.85426899914906","20.85413073237606","20.85413073237606"],[1717362000000,"20.85413073237606","20.85413073237606","20.85407539897606","20.854129065706058"],[1717376400000,"20.854129065706058","20.854129065706058","20.853748398708074","20.853751832028077"],[1717390800000,"20.853751832028077","20.854073898572086","20.853368731249105","20.853388864541106"],[1717405200000,"20.853388864541106","20.853388864541106","20.852637930744145","20.85266059737414"],[1717419600000,"20.85266059737414","20.85266059737414","20.85232209702216","20.85232209702216"],[1717434000000,"20.85232209702216","20.85237676375416","20.852238496981165","20.852238496981165"],[1717448400000,"20.852238496981165","20.852238496981165","20.852183163581167","20.852236830311163"],[1717462800000,"20.852236830311163","20.852236830311163","16.26177891364718","16.85185992996718"],[1717477200000,"20.85175279650718","20.851807463239183","20.112234","20.112234"],[1717491600000,"20.112234","20.112234","20.112234","20.112234"],[1717506000000,"20.112234","20.112234","20.112234","20.112234"],[1717520400000,"20.112234","20.112234","20.112234","20.112234"],[1717534800000,"20.112234","20.112234","20.112234","20.112234"],[1717549200000,"20.112234","20.112234","20.112234","20.112234"],[1717563600000,"20.112234","20.114345","20.112234","20.114345"],[1717578000000,"20.114345","20.114345","20.114345","20.114345"],[1717592400000,"20.114345","20.11434549735","20.114345","20.11434549735"],[1717606800000,"20.11434549735","20.11434549735","0.7061","0.706455"],[1717621200000,"0.706455","0.706455","0.705","0.705467"],[1717635600000,"0.705494","0.760981","0.705","0.75985"],[1717650000000,"0.759231","0.759999","0.756","0.756698"],[1717664400000,"0.756885","0.756999","0.756","0.756748"],[1717678800000,"0.756352","0.756992","0.753","0.753642"],[1717693200000,"0.753156","0.765999","0.750123","0.765218"],[1717707600000,"0.76571","0.765999","0.765","0.765857"],[1717722000000,"0.765163","0.765999","0.765","0.765202"],[1717736400000,"0.765612","0.765999","0.7571","0.757435"],[1717750800000,"0.75728","0.757998","0.7081","0.708657"],[1717765200000,"0.708243","0.708999","0.5431","0.543559"],[1717779600000,"0.543332","0.543999","0.541","0.541972"],[1717794000000,"0.54168","0.541999","0.541","0.541486"],[1717808400000,"0.54134","0.541998","0.5401","0.540115"],[1717822800000,"0.540545","0.540999","0.54","0.540513"],[1717837200000,"0.540858","0.715902","0.5301","0.700632"],[1717851600000,"0.700201","0.700993","0.698","0.698622"],[1717866000000,"0.69847","0.698999","0.698","0.698483"],[1717880400000,"0.698275","0.698999","0.698","0.698782"],[1717894800000,"0.698655","0.698999","0.698","0.69842"],[1717909200000,"0.698919","0.698999","0.698","0.6989"],[1717923600000,"0.698354","0.698999","0.686113","0.68618"],[1717938000000,"0.68622","0.686999","0.686","0.68683"],[1717952400000,"0.686837","0.686999","0.682","0.682277"],[1717966800000,"0.682353","0.682999","0.682","0.682439"],[1717981200000,"0.682145","0.682999","0.677","0.677298"],[1717995600000,"0.677974","0.677999","0.677","0.677427"],[1718010000000,"0.6772","0.677996","0.636","0.636566"],[1718024400000,"0.63696","0.636999","0.631102","0.631413"],[1718038800000,"0.631581","0.631998","0.6291","0.629612"],[1718053200000,"0.629435","0.629999","0.629","0.629915"],[1718067600000,"0.629477","0.629999","0.626","0.626301"],[1718082000000,"0.626402","0.626999","0.6121","0.612589"],[1718096400000,"0.612182","0.716991","0.6081","0.716452"],[1718110800000,"0.71699","0.716998","0.715","0.715102"],[1718125200000,"0.715218","0.715999","0.713","0.713947"],[1718139600000,"0.713843","0.713999","0.713","0.713654"],[1718154000000,"0.713672","0.716995","0.7051","0.716125"],[1718168400000,"0.716489","0.716999","0.713108","0.713777"],[1718182800000,"0.713907","0.713999","0.713","0.71384"],[1718197200000,"0.71399","0.713999","0.70613","0.70641"],[1718211600000,"0.706229","0.706999","0.706","0.70636"],[1718226000000,"0.706979","0.706999","0.706","0.706913"],[1718240400000,"0.706561","0.716998","0.70619","0.713301"],[1718254800000,"0.71348","0.713998","0.7121","0.712971"],[1718269200000,"0.712864","0.712996","0.7061","0.706975"],[1718283600000,"0.706789","0.706999","0.706","0.706864"],[1718298000000,"0.706821","0.706999","0.706","0.706903"],[1718312400000,"0.706659","0.706999","0.706","0.706542"],[1718326800000,"0.706422","0.706999","0.705102","0.705376"],[1718341200000,"0.705692","0.705997","0.689","0.68967"],[1718355600000,"0.689482","0.689998","0.688","0.688286"],[1718370000000,"0.688392","0.688996","0.6881","0.688239"]]}